﻿{"cameraMode":{"drawMode":0,"name":"Shaded","section":"Shading Mode"},"sceneLighting":true,"audioPlay":false,"sceneViewState":{"showFog":true,"showMaterialUpdate":false,"showSkybox":true,"showFlares":true,"showImageEffects":true,"showParticleSystems":true},"in2DMode":false,"pivot":{"x":-11.596412658691407,"y":-3.7146387100219728,"z":-1.9227046966552735},"rotation":{"x":-0.18519596755504609,"y":0.5293025374412537,"z":-0.11964677274227143,"w":-0.8192838430404663},"size":43.532958984375,"orthographic":false}